<?xml version="1.0" encoding="UTF-8" ?>
<XMLDB PATH="report/myfeedback/db" VERSION="20160127" COMMENT="XMLDB file for Moodle report/myfeedback"
    xmlns:xsi="http://www.w3.org/2001/XMLSchema-instance"
    xsi:noNamespaceSchemaLocation="../../../lib/xmldb/xmldb.xsd"
>
  <TABLES>
    <TABLE NAME="report_myfeedback" COMMENT="Default comment for report_myfeedback, please edit me">
      <FIELDS>
        <FIELD NAME="id" TYPE="int" LENGTH="10" NOTNULL="true" SEQUENCE="true"/>
        <FIELD NAME="userid" TYPE="int" LENGTH="10" NOTNULL="true" SEQUENCE="false" COMMENT="the userid"/>
        <FIELD NAME="gradeitemid" TYPE="int" LENGTH="10" NOTNULL="true" SEQUENCE="false" COMMENT="the gradeitemid"/>
        <FIELD NAME="modifierid" TYPE="int" LENGTH="10" NOTNULL="true" SEQUENCE="false" COMMENT="The user that added the record"/>
        <FIELD NAME="iteminstance" TYPE="int" LENGTH="10" NOTNULL="false" SEQUENCE="false" COMMENT="The instance of the turnitin item e.g. parts are same gradeitem but different instances"/>
        <FIELD NAME="notes" TYPE="text" NOTNULL="false" SEQUENCE="false" COMMENT="the notes"/>
        <FIELD NAME="feedback" TYPE="text" NOTNULL="false" SEQUENCE="false" COMMENT="the feedback"/>
        <FIELD NAME="timemodified" TYPE="int" LENGTH="10" NOTNULL="true" SEQUENCE="false" COMMENT="the modified time"/>
      </FIELDS>
      <KEYS>
        <KEY NAME="primary" TYPE="primary" FIELDS="id"/>
      </KEYS>
    </TABLE>
  </TABLES>
</XMLDB>